date,sentiment,total_pnl,trade_count,avg_pnl,win_count,total_volume,avg_trade_size,long_trades,unique_traders,win_rate,long_ratio
2023-05-01,Greed,0.0,3,0.0,0,477.0,159.0,3,1,0.0,1.0
2023-12-05,Greed,0.0,9,0.0,0,50005.83,5556.203333333334,7,1,0.0,0.7777777777777778
2023-12-14,Greed,-205.43473700000007,11,-18.675885181818188,4,113203.35,10291.213636363636,5,1,0.36363636363636365,0.45454545454545453
2023-12-15,Greed,-24.632033999999997,2,-12.316016999999999,0,10609.95,5304.975,2,1,0.0,1.0
2023-12-16,Greed,0.0,3,0.0,0,15348.77,5116.256666666667,3,1,0.0,1.0
2023-12-17,Greed,304.982785,14,21.78448464285714,7,116278.02,8305.572857142857,3,1,0.5,0.21428571428571427
2023-12-18,Greed,0.0,2,0.0,0,31164.179999999997,15582.089999999998,2,1,0.0,1.0
2023-12-19,Greed,1000.5386120000001,15,66.70257413333334,10,91602.41,6106.827333333334,5,1,0.6666666666666666,0.3333333333333333
2023-12-20,Greed,162.732282,18,9.040682333333333,8,141636.79,7868.710555555556,10,1,0.4444444444444444,0.5555555555555556
2023-12-21,Greed,537.211402,49,10.963498000000001,26,125233.97,2555.795306122449,22,1,0.5306122448979592,0.4489795918367347
2023-12-22,Greed,141.832675,10,14.1832675,2,88874.28,8887.428,8,1,0.2,0.8
2023-12-23,Greed,146.936704,13,11.302823384615383,8,78438.25,6033.711538461538,5,1,0.6153846153846154,0.38461538461538464
2023-12-24,Greed,1008.619956,39,25.862050153846155,15,402954.94,10332.177948717948,21,1,0.38461538461538464,0.5384615384615384
2023-12-25,Greed,-245.081348,3,-81.69378266666666,0,59948.51,19982.836666666666,2,1,0.0,0.6666666666666666
2023-12-27,Greed,-704.8892269999999,28,-25.174615249999995,4,171411.06,6121.823571428571,15,1,0.14285714285714285,0.5357142857142857
2023-12-28,Greed,-970.730876,23,-42.20569026086957,0,100117.25,4352.923913043478,10,1,0.0,0.43478260869565216
2023-12-29,Greed,508.92214299999995,50,10.178442859999999,15,569559.72,11391.1944,31,1,0.3,0.62
2023-12-30,Greed,354.998648,52,6.826897076923077,23,702550.21,13510.58096153846,20,1,0.4423076923076923,0.38461538461538464
2024-01-01,Greed,-129.53146,18,-7.196192222222223,1,264239.52999999997,14679.973888888888,10,1,0.05555555555555555,0.5555555555555556
2024-01-02,Greed,783.979116,17,46.11641858823529,8,121348.74,7138.1611764705885,9,1,0.47058823529411764,0.5294117647058824
2024-01-03,Greed,866.015507,67,12.925604582089552,28,394499.36,5888.050149253731,32,1,0.417910447761194,0.47761194029850745
2024-01-04,Greed,-67.60364,5,-13.520728,0,99792.54000000001,19958.508,2,1,0.0,0.4
2024-01-05,Greed,164.141565,66,2.486993409090909,13,1703942.66,25817.31303030303,31,1,0.19696969696969696,0.4696969696969697
2024-01-06,Greed,135.58166400000002,22,6.16280290909091,10,298521.4,13569.154545454547,11,1,0.45454545454545453,0.5
2024-01-07,Greed,-835.681235,97,-8.615270463917525,9,1048850.06,10812.887216494846,52,1,0.09278350515463918,0.5360824742268041
2024-01-08,Greed,-269.874439,128,-2.1083940546875,32,1522452.43,11894.159609375,40,1,0.25,0.3125
2024-01-09,Greed,-826.349863,70,-11.804998042857143,18,870051.97,12429.313857142857,28,1,0.2571428571428571,0.4
2024-01-10,Greed,-1517.091342,193,-7.860576901554404,41,2057479.48,10660.515440414507,92,1,0.21243523316062177,0.47668393782383417
2024-01-11,Greed,-164.08950099999998,21,-7.813785761904761,5,305314.1,14538.766666666666,13,2,0.23809523809523808,0.6190476190476191
2024-01-12,Greed,-1925.519024,7,-275.0741462857143,0,200082.27,28583.181428571428,5,1,0.0,0.7142857142857143
2024-01-15,Greed,152.85358,14,10.918112857142857,9,50636.1,3616.8642857142854,5,2,0.6428571428571429,0.35714285714285715
2024-01-16,Greed,-2299.171458,9,-255.4634953333333,3,116427.33,12936.37,4,2,0.3333333333333333,0.4444444444444444
2024-01-17,Greed,813.2741110000001,53,15.344794547169812,11,800831.03,15110.019433962265,31,1,0.20754716981132076,0.5849056603773585
2024-01-18,Greed,68.93319,46,1.4985476086956522,3,424631.52999999997,9231.120217391304,18,1,0.06521739130434782,0.391304347826087
2024-01-19,Greed,-385.419235,48,-8.029567395833334,6,428428.97,8925.603541666665,31,2,0.125,0.6458333333333334
2024-01-20,Greed,-146.57487000000003,106,-1.3827817924528305,15,1070090.51,10095.193490566038,60,1,0.14150943396226415,0.5660377358490566
2024-01-21,Greed,266.58114600000005,11,24.234649636363642,3,103129.74,9375.43090909091,3,1,0.2727272727272727,0.2727272727272727
2024-01-22,Greed,1375.640959,85,16.18401128235294,23,337878.99,3975.0469411764707,51,2,0.27058823529411763,0.6
2024-01-23,Greed,-369.2447299999998,45,-8.20543844444444,11,414518.93000000005,9211.531777777778,33,1,0.24444444444444444,0.7333333333333333
2024-01-24,Greed,-2808.353815,68,-41.29932080882353,10,965084.59,14192.42044117647,27,1,0.14705882352941177,0.39705882352941174
2024-01-25,Greed,-3093.6293849999997,6,-515.6048975,0,66566.13,11094.355000000001,0,1,0.0,0.0
2024-01-26,Greed,90.2,5,18.04,1,11773.21,2354.642,4,2,0.2,0.8
2024-01-28,Greed,-2478.06972,11,-225.27906545454545,0,18109.03,1646.2754545454545,0,1,0.0,0.0
2024-01-29,Greed,486.562542,74,6.5751694864864865,45,414208.18,5597.407837837838,21,2,0.6081081081081081,0.28378378378378377
2024-01-30,Greed,-173.65419100000003,49,-3.5439630816326537,5,401011.38,8183.905714285715,28,1,0.10204081632653061,0.5714285714285714
2024-01-31,Greed,-799.840817,859,-0.93113017112922,231,6305647.13,7340.683504074505,470,1,0.2689173457508731,0.5471478463329453
2024-02-01,Greed,0.0,6,0.0,0,2008.18,334.69666666666666,6,1,0.0,1.0
2024-02-02,Greed,456.423473,42,10.867225547619048,13,474278.43,11292.343571428572,19,1,0.30952380952380953,0.4523809523809524
2024-02-03,Greed,223.30918699999998,56,3.9876640535714283,6,603820.0,10782.5,18,1,0.10714285714285714,0.32142857142857145
2024-02-04,Greed,47.62389499999999,35,1.360682714285714,9,203187.53,5805.358,19,1,0.2571428571428571,0.5428571428571428
2024-02-05,Greed,-33.45419400000003,72,-0.4646415833333337,14,770198.26,10697.198055555556,33,1,0.19444444444444445,0.4583333333333333
2024-02-06,Greed,-215.615907,1088,-0.19817638511029412,179,8047153.41,7396.280707720588,518,1,0.1645220588235294,0.47610294117647056
2024-02-07,Greed,241.24212,15,16.082808,2,6758.73,450.582,7,1,0.13333333333333333,0.4666666666666667
2024-02-08,Greed,770.756024,10,77.07560240000001,4,26051.12,2605.112,2,1,0.4,0.2
2024-02-11,Greed,983.443176,34,28.924799294117648,7,212311.82,6244.465294117647,23,1,0.20588235294117646,0.6764705882352942
2024-02-12,Greed,913.8817869999998,16,57.11761168749999,6,227247.69999999998,14202.981249999999,11,1,0.375,0.6875
2024-02-13,Greed,559.44389,14,39.960277857142856,14,1999.99,142.85642857142858,0,1,1.0,0.0
2024-02-14,Greed,3830.599833,111,34.509908405405405,83,320839.88,2890.4493693693694,34,2,0.7477477477477478,0.3063063063063063
2024-02-15,Greed,1840.797677,63,29.219010746031746,57,185188.04,2939.4926984126987,52,2,0.9047619047619048,0.8253968253968254
2024-02-16,Greed,5491.768834,182,30.174554032967034,146,564896.51,3103.826978021978,115,2,0.8021978021978022,0.6318681318681318
2024-02-17,Greed,1929.6418,94,20.52810425531915,61,406118.07,4320.405,50,2,0.648936170212766,0.5319148936170213
2024-02-18,Greed,477.6248299999999,97,4.923967319587628,61,157048.17,1619.0532989690723,38,1,0.6288659793814433,0.3917525773195876
2024-02-19,Greed,4317.768563,101,42.750183792079206,77,286377.2,2835.417821782178,41,2,0.7623762376237624,0.40594059405940597
2024-02-20,Greed,3263.628824,39,83.68279035897436,31,119419.72,3062.0441025641026,13,2,0.7948717948717948,0.3333333333333333
2024-02-21,Greed,1858.7985700000002,22,84.49084409090909,15,108047.51999999999,4911.250909090909,7,2,0.6818181818181818,0.3181818181818182
2024-02-22,Greed,3894.1050699999996,88,44.25119397727272,40,373033.87,4239.02125,35,2,0.45454545454545453,0.3977272727272727
2024-02-23,Greed,1418.55293,143,9.91995055944056,137,111106.14,776.966013986014,131,1,0.958041958041958,0.916083916083916
2024-02-25,Greed,-30.7705,5,-6.1541,0,4480.13,896.0260000000001,2,1,0.0,0.4
2024-02-26,Greed,4416.8473,39,113.25249487179488,34,192187.14,4927.875384615385,27,2,0.8717948717948718,0.6923076923076923
2024-02-27,Greed,888.511733,63,14.103360841269842,26,209362.3,3323.2111111111108,33,2,0.4126984126984127,0.5238095238095238
2024-02-28,Greed,2503.747235,45,55.63882744444444,39,171107.13,3802.380666666667,31,1,0.8666666666666667,0.6888888888888889
2024-02-29,Greed,9813.996992,116,84.60342234482759,100,395666.73,3410.9200862068965,60,2,0.8620689655172413,0.5172413793103449
2024-03-01,Greed,8244.241409,137,60.176944591240876,128,472974.7,3452.370072992701,37,1,0.9343065693430657,0.27007299270072993
2024-03-02,Greed,230.90060000000005,31,7.448406451612905,21,63197.56,2038.6309677419354,28,2,0.6774193548387096,0.9032258064516129
2024-03-03,Greed,8361.086245,79,105.83653474683545,54,390745.68,4946.1478481012655,36,1,0.6835443037974683,0.45569620253164556
2024-03-04,Greed,27799.775742,300,92.66591914,266,1577996.87,5259.989566666667,161,2,0.8866666666666667,0.5366666666666666
2024-03-05,Greed,19791.026041,180,109.95014467222222,163,841810.32,4676.724,55,1,0.9055555555555556,0.3055555555555556
2024-03-06,Greed,6814.825139,82,83.10762364634145,72,327218.02,3990.4636585365856,49,1,0.8780487804878049,0.5975609756097561
2024-03-08,Greed,4271.886236,67,63.7594960597015,59,183583.18,2740.047462686567,19,1,0.8805970149253731,0.2835820895522388
2024-03-09,Greed,9949.501624,117,85.03847541880343,97,658178.75,5625.459401709401,83,1,0.8290598290598291,0.7094017094017094
2024-03-10,Greed,2482.9272,42,59.117314285714286,29,219973.85,5237.472619047619,38,1,0.6904761904761905,0.9047619047619048
2024-03-11,Greed,3588.179495,42,85.43284511904761,39,176519.44999999998,4202.844047619047,12,1,0.9285714285714286,0.2857142857142857
2024-03-12,Greed,3039.166,8,379.89575,7,103040.85,12880.10625,1,1,0.875,0.125
2024-03-13,Greed,0.0,7,0.0,0,6000.799999999999,857.2571428571428,7,1,0.0,1.0
2024-03-14,Greed,3465.865832,18,192.5481017777778,16,205933.18,11440.732222222221,2,2,0.8888888888888888,0.1111111111111111
2024-03-15,Greed,6236.513651,62,100.58892985483871,41,351894.41,5675.71629032258,26,3,0.6612903225806451,0.41935483870967744
2024-03-16,Greed,228.57984,8,28.57248,1,37223.66,4652.9575,5,2,0.125,0.625
2024-03-17,Greed,503.293955,23,21.882345869565217,10,99506.95,4326.389130434783,18,3,0.43478260869565216,0.782608695652174
2024-03-18,Greed,1456.9577,19,76.68198421052631,6,90458.08,4760.951578947369,13,3,0.3157894736842105,0.6842105263157895
2024-03-19,Greed,668.797973,24,27.86658220833333,5,219884.84,9161.868333333334,17,3,0.20833333333333334,0.7083333333333334
2024-03-20,Greed,6423.134599,69,93.08890723188406,60,215705.85,3126.171739130435,29,2,0.8695652173913043,0.42028985507246375
2024-03-21,Greed,2335.5080749999997,28,83.41100267857142,23,117895.57,4210.556071428572,26,3,0.8214285714285714,0.9285714285714286
2024-03-24,Greed,1297.018477,19,68.26413036842105,15,92592.20999999999,4873.274210526315,15,1,0.7894736842105263,0.7894736842105263
2024-03-25,Greed,1302.916428,7,186.13091828571427,6,57116.32,8159.4742857142855,0,1,0.8571428571428571,0.0
2024-03-26,Greed,3215.906593,118,27.253445703389833,110,198565.19,1682.7558474576272,8,2,0.9322033898305084,0.06779661016949153
2024-03-27,Greed,150.41114,38,3.9581878947368416,12,99864.79,2628.020789473684,19,2,0.3157894736842105,0.5
2024-03-28,Greed,227.85100799999998,13,17.527000615384615,9,35323.72,2717.209230769231,12,2,0.6923076923076923,0.9230769230769231
2024-03-29,Greed,883.097404,15,58.873160266666666,6,86914.37,5794.291333333333,9,1,0.4,0.6
2024-03-30,Greed,1100.57514,45,24.45722533333333,44,101103.92,2246.753777777778,1,1,0.9777777777777777,0.022222222222222223
2024-03-31,Greed,912.786145,13,70.21431884615384,10,39912.96,3070.2276923076925,0,1,0.7692307692307693,0.0
2024-04-01,Greed,2507.963406,77,32.57095332467532,42,339470.47,4408.7074025974025,32,2,0.5454545454545454,0.4155844155844156
2024-04-02,Greed,883.760812,41,21.555141756097562,12,239664.50999999998,5845.475853658536,10,2,0.2926829268292683,0.24390243902439024
2024-04-03,Greed,126.7884,4,31.6971,1,16887.57,4221.8925,3,2,0.25,0.75
2024-04-04,Greed,0.0,32,0.0,0,95987.73,2999.6165625,0,1,0.0,0.0
2024-04-05,Greed,10706.484306,100,107.06484306,90,503791.8,5037.918,17,3,0.9,0.17
2024-04-06,Greed,236.33513399999998,16,14.770945874999999,4,68223.67,4263.979375,0,1,0.25,0.0
2024-04-07,Greed,0.0,23,0.0,0,49988.14,2173.397391304348,0,1,0.0,0.0
2024-04-08,Greed,1218.4267,30,40.614223333333335,1,211940.64,7064.688,1,2,0.03333333333333333,0.03333333333333333
2024-04-09,Greed,0.0,3,0.0,0,57063.840000000004,19021.280000000002,0,1,0.0,0.0
2024-04-10,Greed,5207.443414,41,127.01081497560976,36,351735.97,8578.926097560974,40,1,0.8780487804878049,0.975609756097561
2024-04-11,Greed,389.743164,16,24.35894775,2,76400.96,4775.06,14,1,0.125,0.875
2024-04-12,Greed,-592.6458390000001,129,-4.594153790697676,71,442088.59,3427.0433333333335,43,3,0.5503875968992248,0.3333333333333333
2024-04-13,Greed,6621.451755,89,74.3983343258427,61,486411.25,5465.294943820225,46,2,0.6853932584269663,0.5168539325842697
2024-04-14,Greed,-36104.012520000004,107,-337.4206777570094,33,659162.17,6160.394112149533,46,2,0.308411214953271,0.42990654205607476
2024-04-15,Greed,3774.08872,41,92.05094439024391,35,291111.19,7100.272926829269,18,2,0.8536585365853658,0.43902439024390244
2024-04-16,Greed,2467.702221,47,52.504302574468085,43,181907.17,3870.3653191489366,31,2,0.9148936170212766,0.6595744680851063
2024-04-17,Greed,2441.4683999999997,14,174.39059999999998,13,97562.99,6968.785000000001,13,1,0.9285714285714286,0.9285714285714286
2024-04-19,Greed,1946.4454620000001,35,55.61272748571429,27,337257.92000000004,9635.940571428573,5,1,0.7714285714285715,0.14285714285714285
2024-04-20,Greed,0.0,22,0.0,0,60733.24,2760.601818181818,20,2,0.0,0.9090909090909091
2024-04-22,Greed,0.0,9,0.0,0,47993.61,5332.623333333333,0,1,0.0,0.0
2024-04-23,Greed,1119.536196,66,16.962669636363636,35,233054.9,3531.1348484848486,37,2,0.5303030303030303,0.5606060606060606
2024-04-24,Greed,279.185907,20,13.95929535,6,141275.24,7063.762,13,1,0.3,0.65
2024-04-25,Greed,0.0,74,0.0,0,120241.01,1624.8785135135136,74,2,0.0,1.0
2024-04-26,Greed,0.0,3,0.0,0,4988.290000000001,1662.7633333333335,0,1,0.0,0.0
2024-04-27,Greed,4281.488139,27,158.57363477777778,19,154264.47,5713.498888888889,0,1,0.7037037037037037,0.0
2024-04-28,Greed,0.0,58,0.0,0,43985.6,758.3724137931034,0,2,0.0,0.0
2024-04-29,Greed,526.9338359999999,45,11.709640799999999,17,108699.01,2415.5335555555553,24,2,0.37777777777777777,0.5333333333333333
2024-04-30,Greed,0.0,24,0.0,0,125018.75,5209.114583333333,24,1,0.0,1.0
2024-05-01,Greed,0.0,14,0.0,0,87025.45,6216.103571428571,14,1,0.0,1.0
2024-05-03,Greed,5306.017045,36,147.3893623611111,17,282682.64999999997,7852.295833333333,3,3,0.4722222222222222,0.08333333333333333
2024-05-04,Greed,0.0,9,0.0,0,58998.75,6555.416666666667,0,2,0.0,0.0
2024-05-05,Greed,0.916,6,0.15266666666666667,1,24068.350000000002,4011.391666666667,1,2,0.16666666666666666,0.16666666666666666
2024-05-06,Greed,968.59038,9,107.62115333333333,4,206016.43,22890.714444444442,8,1,0.4444444444444444,0.8888888888888888
2024-05-07,Greed,883.537693,18,49.08542738888889,9,108717.58,6039.865555555556,6,3,0.5,0.3333333333333333
2024-05-08,Greed,1.56576,13,0.12044307692307693,1,65973.57,5074.89,12,2,0.07692307692307693,0.9230769230769231
2024-05-09,Greed,1147.595856,28,40.985566285714285,11,221966.12,7927.361428571428,9,2,0.39285714285714285,0.32142857142857145
2024-05-10,Greed,2101.741695,22,95.53371340909092,6,156882.0,7131.0,16,1,0.2727272727272727,0.7272727272727273
2024-05-11,Greed,251.604742,9,27.956082444444444,9,63248.95,7027.661111111111,0,1,1.0,0.0
2024-05-12,Greed,0.0,23,0.0,0,55179.56,2399.111304347826,17,2,0.0,0.7391304347826086
2024-05-13,Greed,2136.853859,28,76.31620925,10,193118.9,6897.103571428571,5,2,0.35714285714285715,0.17857142857142858
2024-05-14,Greed,1150.5233050000002,23,50.02275239130436,4,145853.4,6341.452173913043,23,1,0.17391304347826086,1.0
2024-05-15,Greed,948.970582,36,26.360293944444447,17,234922.57,6525.626944444444,11,1,0.4722222222222222,0.3055555555555556
2024-05-16,Greed,214.5898,27,7.94777037037037,5,162620.96,6022.998518518518,14,2,0.18518518518518517,0.5185185185185185
2024-05-18,Greed,3522.3946610000003,25,140.89578644000002,16,126303.14,5052.1256,7,1,0.64,0.28
2024-05-19,Greed,0.0,8,0.0,0,29998.09,3749.76125,8,1,0.0,1.0
2024-05-20,Greed,-74.818442,10,-7.4818442,0,38124.75,3812.475,7,2,0.0,0.7
2024-05-21,Greed,7289.397571999999,125,58.31518057599999,14,1100948.59,8807.588720000002,29,2,0.112,0.232
2024-05-22,Greed,0.0,6,0.0,0,44995.29,7499.215,0,1,0.0,0.0
2024-05-23,Greed,413.347329,325,1.2718379353846154,145,401850.6,1236.4633846153845,189,3,0.4461538461538462,0.5815384615384616
2024-05-24,Greed,821.949278,2,410.974639,2,50811.899999999994,25405.949999999997,0,1,1.0,0.0
2024-05-25,Greed,14.126038999999999,16,0.8828774374999999,5,29991.129999999997,1874.4456249999998,7,2,0.3125,0.4375
2024-05-26,Greed,778.6839,16,48.66774375,4,53976.67,3373.541875,2,2,0.25,0.125
2024-05-27,Greed,1129.35587,251,4.499425776892431,90,151115.72,602.0546613545816,93,1,0.35856573705179284,0.3705179282868526
2024-05-29,Greed,277.791953,164,1.6938533719512194,68,84268.76,513.8339024390243,67,2,0.4146341463414634,0.40853658536585363
2024-05-30,Greed,20.951433,7,2.9930618571428576,5,2838.09,405.4414285714286,5,1,0.7142857142857143,0.7142857142857143
2024-05-31,Greed,25.35812,13,1.9506246153846154,4,3636.14,279.70307692307694,4,1,0.3076923076923077,0.3076923076923077
2024-06-01,Greed,91.510419,25,3.66041676,9,12834.62,513.3848,9,1,0.36,0.36
2024-06-02,Greed,192.906947,93,2.074268247311828,34,29464.51,316.822688172043,34,1,0.3655913978494624,0.3655913978494624
2024-06-03,Greed,562.808208,70,8.040117257142859,44,21466.86,306.66942857142857,44,1,0.6285714285714286,0.6285714285714286
2024-06-04,Greed,52.211438,53,0.9851214716981133,25,24243.41,457.42283018867926,25,1,0.4716981132075472,0.4716981132075472
2024-06-05,Greed,56.055506,54,1.038064925925926,16,25350.77,469.4587037037037,17,1,0.2962962962962963,0.3148148148148148
2024-06-06,Greed,274.173187,234,1.1716802863247862,100,137557.76,587.8536752136753,102,1,0.42735042735042733,0.4358974358974359
2024-06-07,Greed,8902.467416,440,20.23288049090909,176,1098588.76,2496.7926363636366,181,3,0.4,0.4113636363636364
2024-06-08,Greed,129.13883900000002,29,4.453063413793104,8,97351.88,3356.961379310345,21,2,0.27586206896551724,0.7241379310344828
2024-06-09,Greed,0.0,17,0.0,0,22410.22,1318.2482352941176,17,2,0.0,1.0
2024-06-10,Greed,31.266804999999998,53,0.589939716981132,18,46587.93,879.0175471698113,22,2,0.33962264150943394,0.41509433962264153
2024-06-11,Greed,4320.631811,123,35.12708789430894,17,373279.92,3034.7960975609753,114,3,0.13821138211382114,0.926829268292683
2024-06-12,Greed,-21886.531493,254,-86.16744682283463,21,193407.96,761.4486614173228,115,2,0.08267716535433071,0.452755905511811
2024-06-13,Greed,6632.757115,79,83.95895082278481,19,132577.22,1678.1926582278481,76,2,0.24050632911392406,0.9620253164556962
2024-06-14,Greed,10258.592609,31,330.9223422258064,15,139868.66,4511.892258064517,31,2,0.4838709677419355,1.0
2024-06-15,Greed,3369.958346,78,43.20459417948718,38,718350.25,9209.61858974359,9,2,0.48717948717948717,0.11538461538461539
2024-06-16,Greed,0.0,11,0.0,0,25235.079999999998,2294.0981818181817,0,1,0.0,0.0
2024-06-17,Greed,10599.502375,38,278.9342730263158,25,368380.12,9694.213684210526,32,2,0.6578947368421053,0.8421052631578947
2024-06-18,Greed,282.57636,25,11.3030544,4,263314.79,10532.5916,21,2,0.16,0.84
2024-06-19,Greed,4887.656944,61,80.12552367213115,31,417071.12,6837.231475409836,3,3,0.5081967213114754,0.04918032786885246
2024-06-20,Greed,57478.456026,39,1473.8065647692308,8,207990.8,5333.097435897435,0,3,0.20512820512820512,0.0
2024-06-21,Greed,773.5582039999999,80,9.66947755,3,176264.49,2203.306125,68,2,0.0375,0.85
2024-06-22,Greed,756.876565,24,31.536523541666668,8,169594.27000000002,7066.427916666667,4,2,0.3333333333333333,0.16666666666666666
2024-06-23,Greed,0.0,5,0.0,0,1792.12,358.424,0,1,0.0,0.0
2024-06-24,Greed,0.0,31,0.0,0,403002.8,13000.090322580645,25,2,0.0,0.8064516129032258
2024-06-25,Fear,4869.353105,49,99.3745531632653,11,103099.08,2104.062857142857,11,1,0.22448979591836735,0.22448979591836735
2024-06-26,Greed,4197.732182,72,58.30183586111111,21,365190.66000000003,5072.092500000001,41,2,0.2916666666666667,0.5694444444444444
2024-06-27,Fear,0.0,30,0.0,0,130486.95,4349.565,12,2,0.0,0.4
2024-06-29,Fear,6150.326145,75,82.0043486,24,280095.11,3734.6014666666665,35,2,0.32,0.4666666666666667
2024-06-30,Greed,0.0,14,0.0,0,30520.69,2180.049285714286,5,2,0.0,0.35714285714285715
2024-07-01,Greed,5065.839308,64,79.1537391875,26,362670.14999999997,5666.721093749999,6,2,0.40625,0.09375
2024-07-02,Greed,2421.253116,18,134.514062,13,33347.47,1852.6372222222224,13,1,0.7222222222222222,0.7222222222222222
2024-07-03,Greed,1118.387284,18,62.132626888888886,4,179600.66,9977.814444444444,18,2,0.2222222222222222,1.0
2024-07-04,Fear,0.0,25,0.0,0,430568.01,17222.720400000002,25,2,0.0,1.0
2024-07-05,Fear,0.0,32,0.0,0,272289.89,8509.0590625,32,2,0.0,1.0
2024-07-06,Fear,108.87217799999999,24,4.53634075,7,2490.17,103.75708333333334,17,1,0.2916666666666667,0.7083333333333334
2024-07-07,Fear,61.428942,10,6.1428942,10,498.75,49.875,0,1,1.0,0.0
2024-07-08,Fear,0.0,1,0.0,0,497.64,497.64,1,1,0.0,1.0
2024-07-09,Fear,648.984412,15,43.265627466666665,15,2736.45,182.42999999999998,0,1,1.0,0.0
2024-07-10,Fear,11977.734907,56,213.88812333928573,38,687900.21,12283.93232142857,10,2,0.6785714285714286,0.17857142857142858
2024-07-11,Fear,1876.812082,19,98.77958326315789,9,169887.02,8941.422105263156,10,1,0.47368421052631576,0.5263157894736842
2024-07-12,Fear,1412.314654,19,74.33235021052631,9,89582.97,4714.893157894737,19,2,0.47368421052631576,1.0
2024-07-13,Fear,2913.617837,17,171.38928452941175,17,139189.19,8187.599411764706,0,2,1.0,0.0
2024-07-14,Fear,0.0,7,0.0,0,84001.13,12000.16142857143,0,1,0.0,0.0
2024-07-15,Greed,-1.0,26,-0.038461538461538464,0,198344.85,7628.6480769230775,2,2,0.0,0.07692307692307693
2024-07-16,Greed,0.0,22,0.0,0,144000.57,6545.480454545454,0,1,0.0,0.0
2024-07-17,Greed,1859.269477,351,5.297064037037037,145,626005.53,1783.4915384615385,155,3,0.4131054131054131,0.4415954415954416
2024-07-18,Greed,3803.884311,60,63.398071849999994,48,649704.85,10828.414166666666,60,2,0.8,1.0
2024-07-19,Greed,2155.891114,23,93.73439626086956,12,150269.42,6533.453043478262,1,2,0.5217391304347826,0.043478260869565216
2024-07-20,Greed,2299.169566,266,8.643494609022557,33,244362.21,918.65492481203,41,2,0.12406015037593984,0.15413533834586465
2024-07-21,Greed,-2960.716887,448,-6.608743051339286,21,234307.46,523.0077232142856,239,2,0.046875,0.5334821428571429
2024-07-22,Greed,1517.119876,154,9.851427766233765,22,304213.8,1975.4142857142856,103,2,0.14285714285714285,0.6688311688311688
2024-07-23,Greed,89890.302206,370,242.9467627189189,329,358526.54,968.9906486486486,137,3,0.8891891891891892,0.37027027027027026
2024-07-24,Greed,625.561479,90,6.9506831,18,69207.93,768.977,54,5,0.2,0.6
2024-07-25,Greed,916.7382600000001,78,11.753054615384617,10,528555.31,6776.350128205129,77,3,0.1282051282051282,0.9871794871794872
2024-07-26,Greed,2766.513113,152,18.200744164473683,61,548587.65,3609.1292763157894,43,4,0.40131578947368424,0.28289473684210525
2024-07-27,Greed,6400.623656,57,112.2916430877193,42,905199.75,15880.697368421053,9,2,0.7368421052631579,0.15789473684210525
2024-07-28,Greed,587.29903,16,36.706189375,12,43254.68,2703.4175,15,2,0.75,0.9375
2024-07-29,Greed,330.80445399999996,39,8.482165487179486,16,327199.14,8389.72153846154,18,2,0.41025641025641024,0.46153846153846156
2024-07-30,Greed,0.0,6,0.0,0,36006.47,6001.078333333334,6,1,0.0,1.0
2024-07-31,Greed,765.690884,43,17.806764744186047,14,84506.54,1965.2683720930231,17,2,0.32558139534883723,0.3953488372093023
2024-08-01,Greed,167.080017,57,2.9312283684210527,4,227774.53,3996.044385964912,47,4,0.07017543859649122,0.8245614035087719
2024-08-02,Greed,782.3681909999999,63,12.418542714285714,17,396320.37,6290.799523809524,42,3,0.2698412698412698,0.6666666666666666
2024-08-03,Fear,464.1897,37,12.545667567567568,1,290532.86,7852.239459459459,36,5,0.02702702702702703,0.972972972972973
2024-08-04,Fear,-122672.000883,127,-965.9212667952756,3,1207744.07,9509.795826771655,60,5,0.023622047244094488,0.47244094488188976
2024-08-05,Fear,-13013.665169,80,-162.6708146125,33,420495.4,5256.1925,41,4,0.4125,0.5125
2024-08-06,Fear,267.318048,107,2.4982995140186914,13,61478.38,574.5642990654205,76,2,0.12149532710280374,0.7102803738317757
2024-08-07,Fear,188.789255,33,5.720886515151515,10,2492.77,75.53848484848484,12,3,0.30303030303030304,0.36363636363636365
2024-08-08,Fear,-40.712216999999995,9,-4.5235796666666666,0,16299.35,1811.038888888889,5,2,0.0,0.5555555555555556
2024-08-09,Greed,18082.071276,144,125.56993941666666,43,503204.86,3494.4781944444444,54,5,0.2986111111111111,0.375
2024-08-10,Fear,0.0,88,0.0,0,11339.29,128.8555681818182,87,2,0.0,0.9886363636363636
2024-08-11,Fear,847.7766200000001,24,35.32402583333334,4,44230.21,1842.9254166666667,16,2,0.16666666666666666,0.6666666666666666
2024-08-12,Fear,858.6705000000001,48,17.88896875,6,54167.32,1128.4858333333334,39,3,0.125,0.8125
2024-08-13,Fear,212.08102,23,9.220913913043479,8,20797.87,904.2552173913043,20,3,0.34782608695652173,0.8695652173913043
2024-08-14,Fear,2168.9015130000003,25,86.75606052,5,66710.03,2668.4012,19,3,0.2,0.76
2024-08-15,Fear,0.0,12,0.0,0,1522.3700000000001,126.86416666666668,12,1,0.0,1.0
2024-08-16,Fear,825.230544,35,23.578015542857145,3,166382.84,4753.795428571429,32,2,0.08571428571428572,0.9142857142857143
2024-08-17,Fear,-288.283113,30,-9.609437100000001,0,30248.96,1008.2986666666667,29,2,0.0,0.9666666666666667
2024-08-18,Fear,307.201888,15,20.480125866666665,12,62804.48,4186.965333333334,0,2,0.8,0.0
2024-08-19,Fear,339.69958299999996,8,42.462447874999995,5,100315.03,12539.37875,3,1,0.625,0.375
2024-08-20,Fear,192.602844,12,16.050237,1,49914.8,4159.566666666667,5,2,0.08333333333333333,0.4166666666666667
2024-08-21,Fear,656.200925,145,4.525523620689655,54,104990.41,724.0717931034483,56,2,0.3724137931034483,0.38620689655172413
2024-08-23,Fear,1005.30527,10,100.53052699999999,3,63509.56,6350.956,0,1,0.3,0.0
2024-08-24,Greed,0.0,7,0.0,0,34999.67,4999.952857142857,0,2,0.0,0.0
2024-08-25,Greed,0.0,17,0.0,0,21950.28,1291.1929411764704,8,2,0.0,0.47058823529411764
2024-08-26,Greed,231.236918,6,38.539486333333336,2,92611.27,15435.211666666668,6,2,0.3333333333333333,1.0
2024-08-27,Greed,0.0,50,0.0,0,70250.16,1405.0032,49,2,0.0,0.98
2024-08-28,Fear,1333.359645,9,148.15107166666667,2,71160.06999999999,7906.674444444444,9,2,0.2222222222222222,1.0
2024-08-29,Fear,0.0,1,0.0,0,9995.85,9995.85,0,1,0.0,0.0
2024-08-30,Fear,256.464,6,42.744,1,37233.24,6205.54,4,4,0.16666666666666666,0.6666666666666666
2024-08-31,Fear,10.882801,34,0.3200823823529412,12,107507.43000000001,3161.983235294118,11,3,0.35294117647058826,0.3235294117647059
2024-09-01,Fear,137.433093,12,11.452757750000002,5,12359.68,1029.9733333333334,7,1,0.4166666666666667,0.5833333333333334
2024-09-02,Fear,0.0,2,0.0,0,30000.42,15000.21,2,1,0.0,1.0
2024-09-04,Fear,1065.785132,34,31.346621529411763,5,131480.97,3867.0873529411765,31,2,0.14705882352941177,0.9117647058823529
2024-09-05,Fear,0.0,1,0.0,0,0.84,0.84,0,1,0.0,0.0
2024-09-06,Fear,-1104.856765,42,-26.306113452380952,0,39047.1,929.6928571428571,4,2,0.0,0.09523809523809523
2024-09-08,Fear,0.0,1,0.0,0,0.11,0.11,0,1,0.0,0.0
2024-09-09,Fear,0.0,2,0.0,0,4014.4300000000003,2007.2150000000001,2,1,0.0,1.0
2024-09-10,Fear,-219.729659,3,-73.24321966666666,0,2547.28,849.0933333333334,1,2,0.0,0.3333333333333333
2024-09-11,Fear,0.0,1,0.0,0,0.54,0.54,0,1,0.0,0.0
2024-09-14,Greed,0.0,11,0.0,0,1014.8000000000001,92.25454545454546,10,2,0.0,0.9090909090909091
2024-09-18,Greed,-878.684794,145,-6.059895131034483,0,13633.5,94.02413793103449,11,1,0.0,0.07586206896551724
2024-09-19,Greed,0.0,19,0.0,0,1521.8700000000001,80.09842105263158,19,1,0.0,1.0
2024-09-20,Greed,9585.03428,16,599.0646425,8,332873.38,20804.58625,3,2,0.5,0.1875
2024-09-21,Greed,36165.56933,23,1572.416057826087,23,165648.12,7202.092173913044,0,1,1.0,0.0
2024-09-22,Greed,0.0,3,0.0,0,19999.739999999998,6666.579999999999,3,1,0.0,1.0
2024-09-23,Greed,334.760796,2,167.380398,1,40334.29,20167.145,1,1,0.5,0.5
2024-09-24,Greed,0.0,10,0.0,0,7118.63,711.863,9,2,0.0,0.9
2024-09-25,Greed,0.0,9,0.0,0,52754.130000000005,5861.570000000001,6,2,0.0,0.6666666666666666
2024-09-26,Greed,439.812513,8,54.976564125,2,113711.93000000001,14213.991250000001,0,2,0.25,0.0
2024-09-27,Greed,0.0,56,0.0,0,126097.04,2251.732857142857,0,2,0.0,0.0
2024-09-28,Greed,0.0,4,0.0,0,29199.21,7299.8025,0,1,0.0,0.0
2024-09-30,Greed,2710.626288,106,25.571946113207545,5,214669.85,2025.1872641509435,10,2,0.04716981132075472,0.09433962264150944
2024-10-01,Greed,0.0,4,0.0,0,139954.32,34988.58,4,1,0.0,1.0
2024-10-02,Fear,0.0,4,0.0,0,99954.34,24988.585,4,1,0.0,1.0
2024-10-03,Fear,100.375782,9,11.152864666666666,3,132935.69,14770.632222222222,6,2,0.3333333333333333,0.6666666666666666
2024-10-04,Fear,0.0,1,0.0,0,0.34,0.34,0,1,0.0,0.0
2024-10-05,Greed,5767.161892,37,155.86924032432432,24,605605.74,16367.722702702702,9,2,0.6486486486486487,0.24324324324324326
2024-10-06,Greed,130.487079,22,5.9312308636363635,5,300130.56,13642.298181818182,6,1,0.22727272727272727,0.2727272727272727
2024-10-07,Greed,0.0,21,0.0,0,219984.65,10475.459523809524,0,1,0.0,0.0
2024-10-08,Greed,5396.546638,36,149.90407327777777,33,434584.13,12071.781388888889,34,2,0.9166666666666666,0.9444444444444444
2024-10-09,Greed,396.06272,14,28.290194285714286,3,220399.93,15742.852142857142,11,1,0.21428571428571427,0.7857142857142857
2024-10-10,Fear,0.0,16,0.0,0,300024.33999999997,18751.521249999998,16,1,0.0,1.0
2024-10-11,Fear,8885.327477,26,341.74336450000004,18,488904.19,18804.007307692307,0,2,0.6923076923076923,0.0
2024-10-12,Greed,541.55471,10,54.155471,7,159713.4,15971.34,7,1,0.7,0.7
2024-10-13,Greed,0.0,10,0.0,0,60002.42,6000.242,10,1,0.0,1.0
2024-10-14,Greed,1913.61958,5,382.72391600000003,5,61916.020000000004,12383.204000000002,0,1,1.0,0.0
2024-10-15,Greed,1170.2260760000001,7,167.17515371428573,4,81173.36,11596.194285714286,3,1,0.5714285714285714,0.42857142857142855
2024-10-16,Greed,219.480876,11,19.95280690909091,3,80229.17,7293.560909090909,8,1,0.2727272727272727,0.7272727272727273
2024-10-17,Greed,36.11496,9,4.0127733333333335,1,140531.75,15614.638888888889,7,2,0.1111111111111111,0.7777777777777778
2024-10-18,Greed,333.219141,6,55.536523499999994,5,120331.43000000001,20055.238333333335,1,1,0.8333333333333334,0.16666666666666666
2024-10-19,Greed,0.0,4,0.0,0,99996.86,24999.215,4,1,0.0,1.0
2024-10-20,Greed,389.155797,96,4.05370621875,11,176447.86000000002,1837.9985416666668,7,2,0.11458333333333333,0.07291666666666667
2024-10-21,Greed,2464.915564,173,14.248066843930635,68,324117.99,1873.5143930635838,79,2,0.3930635838150289,0.45664739884393063
2024-10-22,Greed,0.0,3,0.0,0,60000.36,20000.12,3,1,0.0,1.0
2024-10-23,Greed,-46.489941,18,-2.5827745,0,210006.07,11667.003888888888,15,1,0.0,0.8333333333333334
2024-10-25,Greed,13235.862071,30,441.19540236666666,21,427883.18,14262.772666666666,14,2,0.7,0.4666666666666667
2024-10-27,Greed,666.6623079999999,4,166.66557699999998,3,90664.41,22666.1025,0,1,0.75,0.0
2024-10-28,Greed,167.28016200000002,13,12.867704769230771,4,121495.25,9345.788461538461,0,2,0.3076923076923077,0.0
2024-10-29,Greed,801.170876,53,15.11643162264151,3,613267.8099999999,11571.09075471698,3,2,0.05660377358490566,0.05660377358490566
2024-10-30,Greed,9.150023,25,0.36600091999999995,7,11830.85,473.23400000000004,8,1,0.28,0.32
2024-10-31,Greed,1214.043811,48,25.292579395833332,34,896173.36,18670.278333333332,42,3,0.7083333333333334,0.875
2024-11-01,Greed,1040.475736,23,45.238075478260875,6,260981.03,11347.001304347827,13,2,0.2608695652173913,0.5652173913043478
2024-11-02,Greed,0.0,2,0.0,0,40000.0,20000.0,2,1,0.0,1.0
2024-11-03,Greed,0.0,6,0.0,0,129055.66,21509.27666666667,6,2,0.0,1.0
2024-11-04,Greed,2799.410474,36,77.76140205555555,23,451811.97,12550.332499999999,13,2,0.6388888888888888,0.3611111111111111
2024-11-05,Greed,678.4759280000001,10,67.8475928,5,200627.23,20062.723,5,1,0.5,0.5
2024-11-06,Greed,2817.83723,15,187.85581533333334,7,123906.9,8260.46,6,2,0.4666666666666667,0.4
2024-11-07,Greed,4493.353136,113,39.764187044247784,60,111335.3,985.2681415929204,53,3,0.5309734513274337,0.4690265486725664
2024-11-08,Greed,-64.41354100000007,39,-1.6516292564102582,6,270700.44,6941.036923076923,23,2,0.15384615384615385,0.5897435897435898
2024-11-09,Greed,102.90894,86,1.196615581395349,19,193384.41,2248.655930232558,53,2,0.22093023255813954,0.6162790697674418
2024-11-10,Greed,991.114334,173,5.728984589595376,51,413636.7,2390.963583815029,48,3,0.2947976878612717,0.2774566473988439
2024-11-11,Greed,6749.630996,373,18.09552545844504,92,1570572.42,4210.649919571046,94,4,0.24664879356568364,0.2520107238605898
2024-11-12,Greed,3494.399394,171,20.435084175438597,34,1226354.52,7171.663859649123,98,4,0.19883040935672514,0.5730994152046783
2024-11-13,Greed,7846.402274,48,163.46671404166668,27,515336.37,10736.174375,16,5,0.5625,0.3333333333333333
2024-11-14,Greed,4563.509225,110,41.4864475,28,1008361.81,9166.925545454545,82,2,0.2545454545454545,0.7454545454545455
2024-11-15,Greed,4140.740438,149,27.790204281879195,55,1427858.42,9582.942416107382,91,4,0.3691275167785235,0.610738255033557
2024-11-16,Greed,2769.521909,157,17.640266936305732,48,303296.07,1931.822101910828,77,4,0.3057324840764331,0.49044585987261147
2024-11-17,Greed,882.975285,209,4.224762129186603,49,1215987.57,5818.122344497608,73,4,0.23444976076555024,0.3492822966507177
2024-11-18,Greed,4470.815187,346,12.921431176300578,124,2084339.58,6024.102832369942,125,7,0.3583815028901734,0.36127167630057805
2024-11-19,Greed,2958.268991,305,9.699242593442623,150,628031.15,2059.118524590164,160,5,0.4918032786885246,0.5245901639344263
2024-11-20,Greed,4210.0928969999995,550,7.654714358181818,219,1999514.1199999999,3635.480218181818,244,5,0.3981818181818182,0.44363636363636366
2024-11-21,Greed,1692.430891,535,3.1634222261682243,165,598300.62,1118.3189158878504,235,5,0.308411214953271,0.4392523364485981
2024-11-22,Greed,-18105.345617,679,-26.664721085419732,209,1646713.62,2425.2041531664213,327,6,0.3078055964653903,0.48159057437407954
2024-11-23,Greed,2901.531638,363,7.993200104683195,128,516245.68,1422.1644077134986,150,4,0.3526170798898072,0.4132231404958678
2024-11-24,Greed,945.550386,172,5.497385965116279,46,664952.28,3866.001627906977,103,3,0.26744186046511625,0.5988372093023255
2024-11-25,Greed,5523.740734,255,21.66172836862745,105,937410.87,3676.1210588235294,126,2,0.4117647058823529,0.49411764705882355
2024-11-26,Greed,1094.809359,302,3.6251965529801327,88,1146902.44,3797.6901986754965,197,4,0.2913907284768212,0.652317880794702
2024-11-27,Greed,-2654.495633,213,-12.462420812206572,74,1444242.53,6780.481361502348,72,2,0.3474178403755869,0.3380281690140845
2024-11-28,Greed,-127075.39958499999,332,-382.75722766566264,109,1894225.15,5705.497439759036,207,5,0.32831325301204817,0.6234939759036144
2024-11-29,Greed,176844.994152,393,449.98726247328244,192,794262.91,2021.0252162849874,148,11,0.48854961832061067,0.37659033078880405
2024-11-30,Greed,37316.69352,373,100.04475474530831,157,1732193.7,4643.950938337802,103,8,0.42091152815013405,0.2761394101876676
2024-12-01,Greed,40886.364494,416,98.28453003365385,221,814711.82,1958.441875,144,9,0.53125,0.34615384615384615
2024-12-02,Greed,18489.604313,270,68.48001597407408,110,585243.56,2167.568740740741,156,8,0.4074074074074074,0.5777777777777777
2024-12-03,Greed,23576.539285,374,63.03887509358289,161,1084666.53,2900.177887700535,170,8,0.4304812834224599,0.45454545454545453
2024-12-04,Greed,292891.815021,319,918.1561599404388,148,769287.65,2411.5600313479626,96,7,0.46394984326018807,0.30094043887147337
2024-12-05,Greed,71574.11848800001,456,156.96078615789474,193,1256750.79,2756.0324342105264,192,8,0.4232456140350877,0.42105263157894735
2024-12-06,Greed,-92624.643895,403,-229.83782604218362,94,3471019.22,8612.950918114144,205,10,0.23325062034739455,0.5086848635235732
2024-12-07,Greed,85906.279067,304,282.5864442993421,131,451733.42,1485.965197368421,110,6,0.4309210526315789,0.3618421052631579
2024-12-08,Greed,15965.933436,420,38.014127228571425,152,932939.72,2221.2850476190474,82,6,0.3619047619047619,0.19523809523809524
2024-12-09,Greed,6310.967676,539,11.708659881261596,172,983949.68,1825.5096103896105,455,10,0.31910946196660483,0.8441558441558441
2024-12-10,Greed,39325.770231,1596,24.640206911654136,937,3150424.08,1973.94992481203,530,11,0.5870927318295739,0.33208020050125314
2024-12-11,Greed,319051.554217,1221,261.30348420720725,870,2194098.33,1796.9683292383293,171,12,0.7125307125307125,0.14004914004914004
2024-12-12,Greed,599151.795008,1932,310.1199767122153,1352,4557189.87,2358.7939285714288,421,14,0.6997929606625258,0.2179089026915114
2024-12-13,Greed,31935.901745,1173,27.22583268968457,471,2880824.64,2455.9459846547315,676,11,0.40153452685422,0.5763000852514919
2024-12-14,Greed,167801.399244,1235,135.87157833522267,585,2369561.78,1918.6735060728743,595,12,0.47368421052631576,0.4817813765182186
2024-12-15,Greed,97525.315279,1697,57.4692488385386,417,2583269.81,1522.256812021214,1131,15,0.24572775486152032,0.6664702416028285
2024-12-16,Greed,166774.344133,1055,158.07994704549765,535,2740808.97,2597.9231943127966,423,13,0.5071090047393365,0.4009478672985782
2024-12-17,Greed,219591.305172,1941,113.13307839876352,847,5233597.63,2696.3408706852138,851,16,0.4363730036063885,0.43843379701184954
2024-12-18,Greed,13682.994673,1429,9.575223703988803,523,3798887.07,2658.423421973408,715,13,0.36599020293911827,0.5003498950314905
2024-12-19,Greed,62744.004486000005,3339,18.79125621024259,2053,8241709.39,2468.316678646301,1201,13,0.6148547469302186,0.35968852949985025
2024-12-20,Greed,254969.660039,2488,102.47976689670418,1383,7681274.71,3087.3290635048234,1129,15,0.5558681672025724,0.4537781350482315
2024-12-21,Greed,150022.163157,1681,89.24578415050566,924,4382875.12,2607.302272456871,596,8,0.5496728138013087,0.3545508625817965
2024-12-22,Greed,352197.163973,774,455.03509557235145,337,3087320.22,3988.7858139534887,448,8,0.4354005167958656,0.5788113695090439
2024-12-23,Greed,-29430.626577,2347,-12.53967898466127,681,6771878.26,2885.333728163613,1036,14,0.2901576480613549,0.4414145717937793
2024-12-24,Greed,14813.780116,338,43.827751822485205,114,1767036.11,5227.917485207101,118,11,0.33727810650887574,0.34911242603550297
2024-12-25,Greed,756.6570469999998,208,3.637774264423076,63,347889.35,1672.5449519230767,86,6,0.30288461538461536,0.41346153846153844
2024-12-26,Greed,60228.639722,697,86.41124780774749,358,2205242.65,3163.9062410329984,373,7,0.5136298421807748,0.5351506456241033
2024-12-27,Greed,2672.811035,260,10.280042442307693,110,347913.0,1338.126923076923,137,7,0.4230769230769231,0.5269230769230769
2024-12-28,Greed,940.673623,161,5.842693310559007,37,281555.01,1748.7888819875777,57,7,0.22981366459627328,0.35403726708074534
2024-12-29,Greed,2884.067927,201,14.348596651741294,64,344628.54,1714.5698507462685,69,7,0.31840796019900497,0.34328358208955223
2024-12-30,Greed,9009.738137,304,29.637296503289473,120,1073865.73,3532.453059210526,183,9,0.39473684210526316,0.6019736842105263
2024-12-31,Greed,5445.01281,306,17.794159509803922,92,877164.62,2866.551045751634,141,6,0.3006535947712418,0.46078431372549017
2025-01-01,Greed,-9528.065345,96,-99.25068067708334,29,282582.1,2943.5635416666664,68,6,0.3020833333333333,0.7083333333333334
2025-01-02,Greed,8716.519087,361,24.145482235457067,165,774674.84,2145.9136842105263,107,9,0.45706371191135736,0.296398891966759
2025-01-03,Greed,6028.486793,508,11.867099986220472,138,771208.99,1518.1279330708662,169,9,0.27165354330708663,0.33267716535433073
2025-01-04,Greed,2553.537968,371,6.882851665768194,75,1826029.6199999999,4921.912722371967,76,9,0.20215633423180593,0.20485175202156333
2025-01-05,Greed,3187.719363,239,13.337737920502093,100,451943.57,1890.977280334728,65,8,0.41841004184100417,0.2719665271966527
2025-01-06,Greed,6064.185393,573,10.583220581151831,89,556526.99,971.2512914485166,148,7,0.15532286212914484,0.2582897033158813
2025-01-07,Greed,16098.227531,637,25.271942748822607,485,1313178.1,2061.504081632653,562,6,0.7613814756671899,0.8822605965463108
2025-01-08,Greed,130117.090554,1039,125.23300342059672,386,3177275.18,3058.0126852743024,745,11,0.37151106833493747,0.7170356111645814
2025-01-09,Greed,46975.928902,522,89.99220096168582,145,1020733.25,1955.427681992337,201,7,0.2777777777777778,0.3850574712643678
2025-01-10,Greed,-10116.875552,819,-12.352717401709402,432,6547449.68,7994.444053724053,366,7,0.5274725274725275,0.4468864468864469
2025-01-11,Greed,2269.080536,283,8.017952424028268,69,1658098.71,5859.006042402827,166,7,0.24381625441696114,0.5865724381625441
2025-01-12,Greed,5742.241803,602,9.538607646179402,472,2258459.17,3751.59330564784,81,7,0.7840531561461794,0.1345514950166113
2025-01-13,Greed,9655.429352,408,23.66526801960784,158,2936648.0100000002,7197.666691176471,240,11,0.3872549019607843,0.5882352941176471
2025-01-14,Greed,16069.512355,275,58.43459038181818,137,876581.97,3187.5708,92,9,0.49818181818181817,0.33454545454545453
2025-01-15,Greed,14819.5883,267,55.50407602996255,123,1801599.8900000001,6747.565131086143,93,11,0.4606741573033708,0.34831460674157305
2025-01-16,Greed,20807.709328,371,56.08546988679245,127,3049692.96,8220.196657681941,114,9,0.3423180592991914,0.30727762803234504
2025-01-17,Greed,7006.415608,238,29.43872104201681,126,1110230.46,4664.8338655462185,95,8,0.5294117647058824,0.39915966386554624
2025-01-18,Greed,443.2330819999997,651,0.6808495883256523,248,2711629.88,4165.330076804916,353,12,0.38095238095238093,0.5422427035330261
2025-01-19,Greed,87923.799302,1567,56.10963580216975,317,9715215.3,6199.8821314613915,841,15,0.20229738353541799,0.5366943203573707
2025-01-20,Greed,87277.239173,1315,66.37052408593155,687,8287327.01,6302.149817490495,755,15,0.5224334600760456,0.5741444866920152
2025-01-21,Greed,11077.839421,530,20.901583813207548,205,1523729.82,2874.961924528302,145,8,0.3867924528301887,0.27358490566037735
2025-01-22,Greed,20524.408057,832,24.66875968389423,234,1778406.43,2137.5077283653845,297,10,0.28125,0.35697115384615385
2025-01-23,Greed,101256.24216,1218,83.13320374384236,805,3697028.66,3035.3273070607556,561,12,0.6609195402298851,0.4605911330049261
2025-01-24,Greed,10602.779738,874,12.131326931350113,488,1611433.45,1843.7453661327231,358,11,0.5583524027459954,0.4096109839816934
2025-01-25,Greed,-10348.016255999999,506,-20.450625011857706,141,1239377.7,2449.363043478261,315,11,0.27865612648221344,0.6225296442687747
2025-01-26,Greed,40823.466668,451,90.51766445232816,196,1201173.66,2663.3562305986693,176,7,0.43458980044345896,0.3902439024390244
2025-01-27,Greed,41331.765392,773,53.469295461837,368,1508028.31,1950.8775032341528,510,15,0.4760672703751617,0.6597671410090556
2025-01-28,Greed,17979.613973,498,36.103642516064255,313,579412.17,1163.4782530120483,157,8,0.6285140562248996,0.3152610441767068
2025-01-29,Greed,23421.01147,910,25.737375241758244,379,1897513.41,2085.1795714285713,438,9,0.4164835164835165,0.48131868131868133
2025-01-30,Greed,23097.471385,1067,21.64711470009372,370,3014397.17,2825.114498594189,267,11,0.3467666354264292,0.25023430178069356
2025-01-31,Greed,35868.296773,1016,35.303441705708664,550,2783411.48,2739.578228346457,323,11,0.5413385826771654,0.31791338582677164
2025-02-01,Greed,32300.205017,634,50.946695610410096,378,1363746.44,2151.019621451104,352,12,0.5962145110410094,0.555205047318612
2025-02-02,Greed,162854.759623,1319,123.46835452843062,473,5661092.29,4291.957763457164,833,13,0.35860500379075055,0.6315390447308568
2025-02-03,Fear,348871.326269,2380,146.58459086932774,1103,22592901.37,9492.815701680673,1091,12,0.4634453781512605,0.4584033613445378
2025-02-04,Greed,416876.88812,2512,165.9541752070064,695,15678409.27,6241.404964171974,1143,13,0.276671974522293,0.455015923566879
2025-02-05,Greed,56706.235562,1297,43.721075992289904,417,8743231.51,6741.1191287586735,689,11,0.3215111796453354,0.5312259059367772
2025-02-06,Greed,33803.799733,1703,19.84955944392249,785,2818508.87,1655.0257604227834,1163,11,0.46095126247798,0.6829125073399882
2025-02-07,Fear,22450.002091,1524,14.730972500656167,430,3460263.54,2270.5141338582675,957,13,0.2821522309711286,0.6279527559055118
2025-02-08,Fear,586.703253,575,1.0203534834782608,110,839734.97,1460.4086434782607,451,10,0.19130434782608696,0.7843478260869565
2025-02-09,Greed,150551.829492,764,197.05736844502616,329,2920919.7,3823.19332460733,428,12,0.4306282722513089,0.5602094240837696
2025-02-10,Fear,63908.49465,889,71.88807047244094,425,3624958.44,4077.5685489313837,360,14,0.4780652418447694,0.4049493813273341
2025-02-11,Greed,-6093.784817,848,-7.186067001179245,185,2797544.17,3298.990766509434,362,12,0.21816037735849056,0.4268867924528302
2025-02-12,Greed,19848.635032,1031,19.251828353055284,477,4143974.54,4019.3739476236665,406,12,0.4626576139670223,0.3937924345295829
2025-02-13,Greed,27829.534238,1370,20.313528640875912,641,3199852.21,2335.6585474452554,593,11,0.4678832116788321,0.43284671532846714
2025-02-14,Greed,213860.675308,1655,129.22095184773414,710,4007103.42,2421.210525679758,532,15,0.42900302114803623,0.3214501510574018
2025-02-15,Greed,45042.92701,932,48.32932082618026,401,1712852.95,1837.8250536480687,573,12,0.4302575107296137,0.6148068669527897
2025-02-16,Greed,2369.478425,681,3.4794103157121876,300,806177.64,1183.8144493392072,345,10,0.44052863436123346,0.5066079295154186
2025-02-17,Greed,1818.573295,941,1.9325964877789585,211,2031044.64,2158.3896280552603,623,9,0.22422954303931988,0.6620616365568545
2025-02-18,Greed,91204.672403,1676,54.418062292959426,858,3371128.68,2011.413293556086,1051,11,0.5119331742243437,0.6270883054892601
2025-02-19,Fear,14985.794701,1361,11.010870463629685,582,3263930.24,2398.185334313005,864,10,0.4276267450404115,0.6348273328434975
2025-02-20,Greed,46008.794102,2012,22.867193887673956,964,4628609.29,2300.5016351888667,788,11,0.47912524850894633,0.39165009940357853
2025-02-21,Greed,119693.49395,1873,63.904695114789114,978,3972159.88,2120.747399893219,744,14,0.5221569674319274,0.397223705285638
2025-02-22,Greed,25278.704178,686,36.849423,341,3175570.2,4629.111078717201,360,10,0.4970845481049563,0.5247813411078717
2025-02-23,Greed,10656.934251,520,20.494104328846156,234,1141310.74,2194.8283461538463,283,12,0.45,0.5442307692307692
2025-02-24,Greed,38470.176242,5616,6.850102607193732,2228,11223619.59,1998.5077617521367,3255,14,0.39672364672364674,0.5795940170940171
2025-02-25,Fear,204762.177034,6246,32.782929400256165,1628,19414984.36,3108.3868651937237,4236,18,0.260646813960935,0.6781940441882806
2025-02-26,Fear,63229.063129,1176,53.76621014370748,789,4946958.13,4206.597049319727,387,13,0.6709183673469388,0.32908163265306123
2025-02-27,Fear,-36525.167517,890,-41.039514064044944,247,1999898.43,2247.0768876404495,406,9,0.27752808988764044,0.45617977528089887
2025-02-28,Fear,225628.108748,1019,221.4211077016683,396,4123660.77,4046.7721000981355,530,13,0.3886162904808636,0.5201177625122669
2025-03-01,Fear,10596.108968,174,60.897177977011495,78,263824.13,1516.230632183908,105,5,0.4482758620689655,0.603448275862069
2025-03-02,Fear,66914.320708,532,125.77879832330827,267,6460848.74,12144.452518796992,274,10,0.5018796992481203,0.5150375939849624
2025-03-03,Fear,616413.032233,1482,415.9332201302294,912,8244590.38,5563.151403508772,1069,14,0.6153846153846154,0.7213225371120108
2025-03-04,Fear,182075.566585,2402,75.80165136761032,609,11124247.15,4631.24360949209,1748,16,0.25353871773522063,0.7277268942547876
2025-03-05,Fear,269328.365917,1660,162.24600356445782,1259,9193654.22,5538.345915662651,375,13,0.7584337349397591,0.22590361445783133
2025-03-06,Fear,16101.125561,760,21.18569152763158,365,6765324.96,8901.743368421052,371,12,0.48026315789473684,0.4881578947368421
2025-03-07,Fear,150236.061627,2552,58.86993010462382,1333,19854275.48,7779.888510971787,1227,14,0.5223354231974922,0.4807993730407524
2025-03-08,Fear,24700.773359,529,46.69333338185255,301,892083.51,1686.3582419659735,288,13,0.5689981096408318,0.5444234404536862
2025-03-09,Fear,19773.457395,1422,13.905384947257385,627,10419697.99,7327.495070323488,947,12,0.4409282700421941,0.6659634317862166
2025-03-10,Fear,-10010.027269999999,2911,-3.438690233596702,1157,16811790.68,5775.263029886637,1570,14,0.39745791824115423,0.539333562349708
2025-03-11,Fear,-76880.729036,3286,-23.3964482763238,616,14016952.09,4265.657970176507,2120,16,0.18746195982958003,0.6451612903225806
2025-03-12,Fear,288105.984215,3968,72.60735489289314,2240,18618139.15,4692.071358366935,1647,13,0.5645161290322581,0.41507056451612906
2025-03-13,Greed,14114.870873,962,14.672422944906446,440,3285591.22,3415.375488565489,468,13,0.4573804573804574,0.4864864864864865
2025-03-14,Fear,68646.160089,2210,31.061610899999998,1887,8047187.16,3641.261158371041,297,10,0.8538461538461538,0.1343891402714932
2025-03-15,Greed,78694.624572,261,301.51197154022987,155,2355749.54,9025.86030651341,154,8,0.5938697318007663,0.5900383141762452
2025-03-16,Fear,-7910.943544999999,530,-14.926308575471696,123,10187921.51,19222.49341509434,304,8,0.2320754716981132,0.5735849056603773
2025-03-17,Fear,26163.906513,920,28.439028818478263,417,3592895.05,3905.320706521739,483,11,0.4532608695652174,0.525
2025-03-18,Fear,72322.788824,834,86.71797221103118,188,4050655.47,4856.901043165468,341,13,0.22541966426858512,0.4088729016786571
2025-03-19,Fear,29374.682341,1612,18.222507655707197,671,4598813.57,2852.8620161290323,563,12,0.4162531017369727,0.34925558312655086
2025-03-20,Greed,10246.859436,771,13.290349463035021,315,1652257.93,2143.0063942931256,238,13,0.4085603112840467,0.3086900129701686
2025-03-21,Fear,6951.270374,698,9.958840077363897,349,2543903.39,3644.560730659026,346,9,0.5,0.49570200573065903
2025-03-22,Fear,12498.535254,535,23.361748138317758,254,971809.42,1816.4662056074767,222,8,0.4747663551401869,0.41495327102803736
2025-03-23,Fear,14047.421585,447,31.425999071588368,146,2593519.67,5802.057427293064,290,10,0.32662192393736017,0.6487695749440716
2025-03-24,Greed,107878.961301,1027,105.04280555111977,632,3017587.05,2938.254186952288,213,13,0.6153846153846154,0.2074001947419669
2025-03-25,Greed,32030.90678,791,40.49419314791403,286,5372519.77,6792.060391908975,422,13,0.3615676359039191,0.5335018963337548
2025-03-26,Greed,15802.167427,3102,5.094186791424887,841,7597754.37,2449.30830754352,1574,17,0.27111540941328177,0.5074145712443585
2025-03-27,Fear,58825.359221,785,74.9367633388535,262,3240279.46,4127.744535031847,474,11,0.33375796178343947,0.6038216560509554
2025-03-28,Fear,21337.179335,728,29.30931227335165,231,1483092.61,2037.2151236263737,533,11,0.3173076923076923,0.7321428571428571
2025-03-29,Fear,12098.872931,1894,6.38800049155227,674,3668151.83,1936.7221911298839,997,10,0.3558606124604013,0.5263991552270327
2025-03-30,Fear,15795.11514,568,27.8083013028169,94,2850874.96,5019.146056338028,478,9,0.16549295774647887,0.8415492957746479
2025-03-31,Fear,6978.184557,495,14.097342539393939,259,2164772.4699999997,4373.277717171717,214,12,0.5232323232323233,0.43232323232323233
2025-04-01,Fear,-2202.6622420000003,192,-11.472199177083334,88,704445.1900000001,3668.9853645833336,92,9,0.4583333333333333,0.4791666666666667
2025-04-02,Fear,202212.740938,1076,187.930056633829,963,3867930.6,3594.7310408921935,128,11,0.8949814126394052,0.11895910780669144
2025-04-03,Fear,-2365.961276,1748,-1.353524757437071,520,8670233.15,4960.087614416476,956,17,0.2974828375286041,0.5469107551487414
2025-04-04,Fear,-25515.678949999998,1272,-20.05949602987421,493,3835545.73,3015.3661399371067,499,14,0.38757861635220126,0.3922955974842767
2025-04-05,Fear,35907.33771,360,99.74260475,209,1267564.22,3521.011722222222,138,10,0.5805555555555556,0.38333333333333336
2025-04-06,Fear,47053.449272,1048,44.89832945801527,332,3551252.06,3388.59929389313,678,14,0.31679389312977096,0.6469465648854962
2025-04-07,Fear,34527.370305,2814,12.269854408315563,673,14460253.14,5138.682707889126,1415,18,0.23916133617626156,0.5028429282160626
2025-04-08,Fear,34899.394798,943,37.00890222481442,386,8869391.4,9405.505196182397,430,17,0.4093319194061506,0.4559915164369035
2025-04-09,Fear,43120.444797,3967,10.86978694151752,1708,28556806.47,7198.589984875221,1764,20,0.43055205444920597,0.44466851525081924
2025-04-10,Fear,158261.822261,2127,74.40612236060178,1125,28741953.29,13512.90704748472,1137,19,0.5289139633286318,0.5345557122708039
2025-04-11,Fear,126406.479081,1096,115.33437872354014,368,11319327.07,10327.853166058394,312,16,0.3357664233576642,0.2846715328467153
2025-04-12,Fear,410419.694533,2109,194.60393292223802,574,55914617.49,26512.383826458037,800,20,0.2721669037458511,0.3793266951161688
2025-04-13,Greed,48696.021521,1321,36.86299888039364,478,14171154.79,10727.596358819075,739,17,0.3618470855412566,0.5594246782740349
2025-04-14,Fear,45680.443063,890,51.32634052022472,376,13079972.98,14696.598853932584,517,14,0.42247191011235957,0.5808988764044943
2025-04-15,Fear,72357.706282,1131,63.976751796640144,647,20752168.24,18348.51303271441,344,14,0.5720601237842617,0.3041556145004421
2025-04-16,Fear,58631.730257,1608,36.46251881654229,547,36502715.9,22700.69396766169,835,17,0.3401741293532338,0.5192786069651741
2025-04-17,Fear,5427.919886,1031,5.264713759456837,313,2604551.51,2526.238128031038,341,12,0.30358874878758485,0.33074684772065954
2025-04-18,Fear,4880.4047439999995,1894,2.576771248152059,971,24610650.46,12994.007634635693,755,12,0.5126715945089757,0.3986272439281943
2025-04-19,Fear,71950.577495,2786,25.82576363783202,814,32706462.71,11739.577426417804,999,15,0.2921751615218952,0.35857860732232594
2025-04-20,Fear,25060.341936,1982,12.643966668012109,790,12126094.05,6118.110015136226,1079,12,0.3985872855701312,0.5443995963673057
2025-04-21,Fear,34369.267906999994,1718,20.005394590803256,677,42104054.84,24507.598859138536,604,14,0.3940628637951106,0.35157159487776485
2025-04-22,Greed,58652.763578,2998,19.563963835223483,888,33753625.24,11258.714222815212,1420,15,0.2961974649766511,0.47364909939959976
2025-04-23,Greed,-419020.225731,6159,-68.03380836678032,2000,30682443.79,4981.72492125345,4218,19,0.324728040266277,0.6848514369215781
2025-04-24,Greed,50704.395965,2232,22.717023281810036,923,35088918.64,15720.841684587815,1223,15,0.4135304659498208,0.5479390681003584
2025-04-25,Greed,20218.859206,1653,12.231614764670297,638,27749455.78,16787.32957047792,681,16,0.38596491228070173,0.41197822141560797
2025-04-26,Greed,-4125.753942,1131,-3.6478814694960215,195,11948127.77,10564.215534924844,604,12,0.1724137931034483,0.5340406719717065
2025-04-27,Greed,2702.067468,337,8.018004356083086,120,487537.69,1446.6993768545994,209,9,0.3560830860534125,0.6201780415430267
2025-04-28,Greed,36906.813759,1379,26.763461754169686,575,26124921.49,18944.83066715011,652,8,0.4169688179840464,0.47280638143582304
2025-04-29,Greed,125749.613427,2243,56.06313572313866,969,34089511.66,15198.177289344627,1105,7,0.43201069995541685,0.49264378065091396
2025-04-30,Greed,14003.797269,1113,12.582028094339623,295,12693878.85,11405.10229110512,838,8,0.26504941599281223,0.7529200359389039
2025-05-01,Greed,54536.829297000004,1230,44.338885607317074,530,10720240.52,8715.642699186992,686,11,0.43089430894308944,0.5577235772357724
